{"Web": {"session_time": [-0.026793579836402924, -0.0545910385116195, 0.06727463665497711, 0.005799425619083559, -0.030946787412555587, 0.13693584263866085, -0.0521839267357473, -0.04305537417422026, 0.009224875620714215, -0.034289607271243375], "%tcp_protocol": [-0.21508243237869973, 0.07048416872695909, -0.10582486668785743, 0.034117079879046316, 0.04106876047261726, -0.3467935459759244, 0.0904320172961591, 0.07636173313511342, 0.06319237381649155, 0.05437899416428576], "%udp_protocol": [-0.23104188650674323, 0.08759601910676276, -0.06643164903609095, 0.02158938505899806, 0.03217521047674774, -0.23082319404177243, 0.09343727643329927, 0.061664211725504556, 0.04478171521386153, 0.052368628260811116], "ul_data_volume": [-0.042279794791366114, -0.00649102891688359, 0.04144886325228804, -0.001579070989333381, -0.0077688058194718005, -0.03336332196760917, -0.009622919195080256, -0.011996980761624807, -0.01396896926580723, -0.00576050669787558], "max_ul_volume": [-0.06367136224260136, 0.009895553349559503, -0.03221425202248168, 0.015932530833924194, 0.011894586540508787, 0.025598482442838074, 0.0026561470416724266, 0.008553273823478641, 0.030227867290903068, 0.0018878099236676557], "min_ul_volume": [0.02205980770123193, 0.009862911641697936, -0.001864114567641017, 0.0015701343042625326, 0.00328744265284868, 0.0, 0.005213296575854713, 0.008756794397415795, 0.005284808062731566, 0.005601176234232539], "avg_ul_volume": [0.12947036585785052, 0.0, -0.0060638945960563625, 0.0053251896475281085, 0.0015538157776236001, -0.03358612006005334, -0.0060941038967006365, 0.0076841473996248156, 0.013405174795244328, -0.0026574008567623987], "std_ul_volume": [0.4104721124112548, -0.04060281910365542, -0.009405012285827533, -0.011967447120068558, -0.02569935167430958, -0.03634311686325443, -0.04173969294159732, -0.035146606799821505, -0.016961889755969496, -0.028144324092480282], "%ul_volume": [-0.003977607425073251, 0.12428808883812859, 0.050533605144976866, 0.032688047345891535, 0.0537890496068152, 0.06548301239561657, 0.12658744446526093, 0.09671461350110563, 0.05549816724396358, 0.08210541196057197], "dl_data_volume": [0.006107291340397876, -0.0010113020573514684, 0.08564500987433946, 0.05350385160819217, -0.0022199423932487356, -0.020803243611864017, -0.0006805259693390431, 0.0, 0.005789321618945457, 0.0], "max_dl_volume": [-0.0631146218153922, 0.0, -0.016292721949098136, 0.02758500396055527, 0.042151313591401944, -0.03589780487831706, -0.0020329699608752478, 0.006237446339867902, 0.03650729167450406, 0.045438388667667404], "min_dl_volume": [-0.013335353584502848, 0.0013436654297176902, 0.0, -0.04007162381174451, -0.0011118055242980123, 0.003798564106870007, -0.0010022709097294103, 0.0, -0.05520559269147143, 0.0012247371463335324], "avg_dl_volume": [-0.028718440688412235, 0.004568619639143786, -0.010161875194264286, 0.020663563035450846, 0.04626850759157471, -0.04909853457259271, 0.004667717760648917, 0.005372259350221851, 0.0015625533545846827, 0.006931488205102422], "std_dl_volume": [-0.026176404182499665, 0.0018305539311991373, -0.006186390572739313, 0.008758714929717054, 0.03012119105087114, -0.0419869275665142, 0.0019034614733158754, 0.0026761541324820557, 0.007541214453405742, 0.02132753906094269], "%dl_volume": [0.0, 0.02191544117688498, 0.02530442323482907, 0.01714578823269991, 0.01629877374603598, 0.008100565108878952, 0.020767639847016656, 0.022842082694377673, 0.03088028283134863, 0.01759262706421917], "nb_uplink_packet": [0.04991775096721208, 0.0025441201010148995, -0.002796784392404059, 0.0008163893162335123, 0.0, 0.013579520271217433, 0.006091064158879646, -0.004937221304303287, 0.0, 0.0], "nb_downlink_packet": [-0.02130777348179477, -0.0028517246004012412, 0.20292637012813222, 0.008115064508781605, 0.0, -0.018080725842455545, 0.0, 0.0024426280437899223, 0.004664797824956048, 0.001209043215302633], "ul_packet": [-0.01106858262785347, -0.0073420359726243545, 0.047120941526635304, 0.0034052322670968943, 0.0034745694963386553, 0.013763641426019314, -0.005057452306873821, -0.0059384906904054735, 0.005047455843252756, 0.0], "dl_packet": [-0.07218578398784412, -0.03456709086534922, -0.09818904528187311, -0.014374953934968751, -0.024394405072243452, -0.1643330211147414, -0.029824459450696346, -0.02926838530111825, -0.025016384649371403, -0.021074875926934338], "kB/s": [-0.005665559981431833, 0.0, 0.0, 0.006780489666561376, 0.005315964937848174, -0.016429580185572754, 0.0, 0.0036321832272474867, -0.0013689188972435817, 0.0007583791621105513], "nb_packet/s": [-0.021677886535533653, 0.014198366450284605, 0.036263139573779024, 0.005283588445715526, 0.005828294758518537, -0.03780013433670171, -0.002584306400338604, 0.028486847670081167, 0.0, 0.0021887553743821786]}, "Interactive": {"session_time": [-0.024033080306780884, -0.04550266587963582, 0.02898173621315647, 0.0019781246605775327, -0.028081986863053736, 0.1849420557938221, -0.05536380871992683, -0.03827901950481244, 0.0038078985218332143, -0.03373976044150185], "%tcp_protocol": [0.014694551861157134, -0.01277127879406794, 0.020820067775286086, -0.0049191608720009095, -0.00821640453627228, 0.07886669213205355, -0.01168704052856363, -0.013212891286712514, -0.01082147523704787, -0.009501933732505394], "%udp_protocol": [0.03546570458178366, -0.024105420914732962, 0.012533674488680044, -0.010882835729945342, -0.01841561790798478, 0.10519685838015214, -0.02781949449902506, -0.025999831972072455, -0.02060672770228572, -0.027248421629635575], "ul_data_volume": [-0.041927973088032616, -0.028736100101759275, 0.023473786400745184, -0.0007135790752012914, -0.026358010885433103, -0.015723144935171685, -0.03263147613573884, -0.012037838338816357, -0.009112138963349288, -0.028612936673416405], "max_ul_volume": [-0.108429268291297, 0.016449987664165444, -0.03440924731265216, 0.01346424763701707, 0.021801556751260137, 0.0407639302730014, 0.016480116899542912, 0.014843419005213155, 0.019421590274889766, 0.01466998298457571], "min_ul_volume": [-0.015248417942820539, 0.0049623675514525204, -0.01276299144048457, -0.0016883947079684345, 0.0017568929367126778, 0.0029320986482047617, 0.008431502276934824, 0.007369502627900909, 0.0, 0.0015452646445441448], "avg_ul_volume": [0.12716396979357733, -0.029750684176215823, -0.009898691894855878, -0.014977030721741126, -0.02166052170982559, 0.0624408258263528, -0.0313468989249098, -0.036280915920784015, -0.024874546646054048, -0.024576951011204648], "std_ul_volume": [-0.20252572545295022, 0.03172121131010891, 0.007860233490411874, 0.01898718586001278, 0.0247515519801922, 0.043688391227997725, 0.03500814149667919, 0.03783823470492977, 0.03110752796944306, 0.030678417272488143], "%ul_volume": [-0.005371670833400969, -0.031578664382903916, -0.01562253590707828, -0.015253064985331508, -0.026988955915242016, -0.018811261564408044, -0.04329789004428391, -0.037448625499338126, -0.030844247294120903, -0.035569747743840814], "dl_data_volume": [0.0, -0.001659349382759653, -0.031378648507050515, -0.023328551516104475, -0.002648109823182175, 0.02111054023846637, 0.0, 0.0, -0.0015358848914246062, -0.000851296635368412], "max_dl_volume": [0.0, 0.0, 0.0025813494184767976, -0.003769416677483317, -0.0020000143070902404, 0.002440104172614088, 0.002074985434598876, 0.0, -0.0037430113046519604, -0.0019822187085216172], "min_dl_volume": [0.002221891153055955, 0.0, -0.00408393372317733, -0.04707337100409691, 0.0, 0.005151521052025321, 0.0, 0.003203462509834732, -0.08385902640900536, 0.0008051711160906375], "avg_dl_volume": [0.009617762803660073, -0.0017675881499675864, 0.0, -0.013304532984860055, -0.025933719031348848, 0.03196930791513669, -0.005110108783421033, -0.0070247136222794946, -0.0016987748536228435, -0.006494711939697591], "std_dl_volume": [0.0, 0.0014192085899175306, 0.001294139835667211, -0.0013370913823923015, -0.0020781991649764546, 0.02217637159410124, 0.0, -0.0013641176869845695, -0.0006719517746494484, -0.0036841798110710255],