{"Web": {"session_time": [-0.0039304025949358536, -0.008408644120515828, 0.011620945111327118, 0.0, -0.007462784757738924, 0.0, -0.007068158621699867, -0.008619790921499847, 0.0, -0.00589335800607391], "%tcp_protocol": [-0.014585682698961247, 0.057742935013848265, -0.29439672851035753, 0.044592700297496096, 0.05273771808744127, -0.23669561301805933, 0.06071189489486779, 0.055474068795080156, 0.0585392354940287, 0.0600234325493681], "%udp_protocol": [0.0007735165999151983, 0.0013942145474609897, -0.009343140679581198, 0.0, 0.0, -0.00972036887045852, -0.0027848236557038355, 0.0, -0.0013031869399248556, 0.000768625902567626], "ul_data_volume": [0.0, 0.0, 0.01725125095482826, 0.003682463367838646, 0.0, -0.0023572815119564925, 0.0, 0.0024194411289413095, 0.0, -0.0016713452049028662], "max_ul_volume": [0.003506528548479697, -0.004471647618387999, 0.025180532630199662, -0.005973285344106021, -0.006088159368760282, -0.017088240759738273, -0.004813025093893968, -0.0074131086584445244, -0.005005131152945666, -0.0031318484802703105], "min_ul_volume": [0.0, 0.0, 0.0, 0.0006604567827872235, 0.0, -0.004357093871337624, 0.0038935859451910905, 0.0, 0.0031144697683093193, 0.0018014617772923389], "avg_ul_volume": [0.002063819325726085, 0.03810538372185856, -0.2289721459834028, 0.038766303832222265, 0.042430262972379215, -0.1106288098319049, 0.03810411435442969, 0.03903104144826032, 0.03685827675503608, 0.03948251212718236], "std_ul_volume": [0.0016628604219681095, 0.0, -0.008240968750757574, 0.0, -0.0023997202206016586, -0.011759893107199377, 0.0, 0.0, -0.0015052608965699973, -0.0026176399749258212], "%ul_volume": [0.0, 0.0, 0.0, 0.001640829349546979, 0.004646424016011237, 0.0, 0.0, 0.002824493132593688, 0.005765758987790511, 0.003105286140441592], "dl_data_volume": [0.0, 0.006795173474940822, 0.0, 0.0113481272624906, 0.00730831633402969, 0.0, 0.0, 0.007507974586535164, 0.0033761800287879177, 0.0046429968215786314], "max_dl_volume": [0.09680798375789862, 0.0488187573676999, 0.0, 0.044436466269451635, 0.050229846300861414, -0.18224444311312188, 0.053051271491146794, 0.05047422548314455, 0.04911824282338323, 0.051538264168788185], "min_dl_volume": [0.0023789874937388345, -0.0021214166573433183, 0.011187145825651423, 0.0032574982328955793, 0.0, 0.0, 0.0, 0.0, 0.0026674614499500554, -0.001238547955408026], "avg_dl_volume": [0.0, 0.011717762668971125, -0.01950737094267873, 0.017241433062284362, 0.012682518356163065, -0.017326190832555866, 0.004759636363290138, 0.012259814732547163, 0.012911645130234529, 0.013692393573592785], "std_dl_volume": [0.11045472970629515, 0.049448628396193954, -0.27424846018595433, 0.04392218315330646, 0.050304258704971926, -0.18001801132752412, 0.051418725981648, 0.04594650215731633, 0.043479188213353524, 0.04683447013284893], "%dl_volume": [0.0, 0.0, 0.0, 0.0, -0.002146941547124271, -0.014832914794955545, -0.0018847498296330459, 0.0, -0.0012602975428806112, -0.0029661433024321324], "nb_uplink_packet": [0.0008676594398752402, 0.0, 0.014248762089070941, 0.0, -0.0016756136645371285, 0.012843494096370096, 0.0, 0.0016299672403554222, 0.0012324807951079794, -0.0022254788276085463], "nb_downlink_packet": [0.0, 0.0, 0.0, 0.0008707431493226298, 0.0009500870773522799, 0.0, 0.0, 0.0, 0.0, -0.0010204163329331092], "ul_packet": [0.0, 0.0, -0.044779821558345256, -0.003442659666733199, -0.002206997250561025, -0.014195075941421513, 0.0, -0.0022610111519490027, -0.0060260308845101, 0.0], "dl_packet": [0.0, 0.0, 0.0, -0.0021590367337531225, 0.0, -0.0028307233405176777, 0.0, 0.0, 0.0008298935943912996, 0.0], "kB/s": [0.0, 0.0009788532052733279, 0.0, 0.0011557769849497024, 0.0035424703356000636, -0.00878883377561912, 0.004611528170357038, 0.0029298725199297755, 0.001121542568758294, 0.0], "nb_packet/s": [0.0, 0.0, 0.0, 0.0, -0.002851685375487023, 0.0, 0.0, -0.002203490492810628, -0.003914468192300402, -0.0011246651091059712]}, "Interactive": {"session_time": [-0.002448873684584567, -0.013201617881912497, 0.0031710847791134172, 0.005837156893042983, -0.012066362326314858, 0.06421869963457084, -0.013063539856215884, -0.013571327542056469, 0.007222223245213397, -0.013119561463490942], "%tcp_protocol": [0.0008581265068346028, -0.0009568946162270764, 0.0, 0.0, -0.0007529738136010146, 0.002464158580815369, 0.0, -0.0009023160793977801, 0.0, 0.0], "%udp_protocol": [0.014954480812314833, -0.009067193028912431, 0.007865686063272502, 0.0, -0.007370313296027798, 0.06307294208611047, -0.006029430857198228, -0.008643636263792696, 0.0, -0.008251709982965219], "ul_data_volume": [0.0, 0.0, 0.0, 0.0, 0.0, 0.0, -0.0008965132838538244, -0.003560662615754194, -0.000745055480009713, 0.0], "max_ul_volume": [-0.001314485414231667, 0.0, 0.0, 0.0, 0.0, 0.0, 0.0010483797899708469, 0.0, -0.0008986293522370197, 0.0009515728504755293], "min_ul_volume": [0.0, 0.0, 0.0, 0.0012834481966769798, 0.0, 0.008779131674035667, -0.0008652348926482021, 0.0018218279471789763, 0.0, 0.0], "avg_ul_volume": [0.0, 0.002102630748543689, 0.0, 0.0013930184458419564, -0.0005338109065974747, -0.01074072902210194, 0.000816148761546917, 0.0, 0.0, 0.00218272182766257], "std_ul_volume": [-0.000858636715264996, 0.0, 0.0, 0.0, 0.0, 0.007554828154662028, 0.0, 0.0009347606050375285, 0.0, 0.0], "%ul_volume": [0.0, 0.0, 0.0, -0.0015915132172850954, 0.0, 0.0, 0.0, 0.0, 0.0014773492534914008, 0.0], "dl_data_volume": [0.019682659498263835, 0.004817348644892289, 0.02709714159980873, 0.015184626721892129, 0.0036626067359314036, 0.08234458874416298, 0.00342442951176688, 0.004561260969254634, 0.012879993259118079, 0.004475872512613091], "max_dl_volume": [0.0, 0.0, 0.0, 0.0, 0.0, 0.0, 0.0015398774780923125, 0.0014396756007940194, 0.0, 0.0008111722966132354], "min_dl_volume": [0.0009456709838929003, -0.009561069786632261, 0.0, 0.0, -0.007188853619049996, 0.0693813622857142, -0.010703082541708122, -0.007882969889993239, 0.0, -0.007869775584611395], "avg_dl_volume": [-0.13506277702667296, -0.07689495182116202, -0.14451565868545957, -0.13098487810579884, -0.07950806199848826, 0.6014354975918986, -0.07984279031960494, -0.0790335083681956, -0.1303525506777743, -0.08007070403225738], "std_dl_volume": [0.0, 0.0, 0.00262001495143431, -0.002933472162760041, 0.0, 0.0, 0.0, 0.001241163821601795, -0.0016676319410598715, 0.0], "%dl_volume": [0.0, 0.0, 0.0004661082705469666, 0.0, 0.0, 0.004741603071601355, 0.0, 0.0, 0.0, -0.00038009609477922214], "nb_uplink_packet": [-0.0018574077625659186, -0.002761643520747317, 0.0, 0.0, 0.0, -0.007047763771744927, 0.0, -0.0019374300914107735, 0.0020786262490875298, -0.0009171711047849799], "nb_downlink_packet": [0.0035611419967497907, 0.004509023437892148, 0.0017492248959473863, 0.01080217267455321, 0.003757769224147986, 0.0, 0.004571756209852229, 0.00518317029511273, 0.010803861622194653, 0.0036616828707961113], "ul_packet": [0.0011464893090737255, 0.0, 0.0007792882221603487, 0.0, 0.0, -0.01159011363034969, 0.0, 0.0, -0.0007981861780241711, -0.001008713604080355], "dl_packet": [0.001322095702511232, 0.0, 0.0, 0.001009440553836699, 0.0, 0.007350079723911457, 0.0, 0.0010547038371181837, 0.0, 0.0], "kB/s": [0.0, 0.0010143678242654636, 0.0007671099031758971, 0.0, 0.0, 0.011642987934686017, 0.0, 0.0, 0.0, 0.0006746772038932557], "nb_packet/s": [-0.000928484206320801, 0.0, 0.0, 0.0, 0.0, 0.006392726942027638, 0.0, -0.0007047122254971172, 0.0, -0.0011399676950843152]}, "Video": {"session_time": [0.021211446699354517, 0.006719877384973593, -0.1302904355167792, -0.003481177362468892, 0.006203643570141947, -0.0738603679247394, 0.006621084499735829, 0.00706038363515263, -0.0027726762508770877, 0.006513412972247873], "%tcp_protocol": [0.013721691761354717, -0.027228228640852635, 0.3951464462653707, -0.02340153239278827, -0.026757233518869335, 0.04028477379965872, -0.026780919812081642, -0.02722916911600505, -0.026199514230766423, -0.027650196316557785],