{"Web": {"session_time": [0.0, -0.011888379205940464, 0.021691996027360813, -0.011208541934646456, -0.008025348576475924, 0.019289818397628763, -0.0068556939915174805, -0.011135237928891324, -0.010503646471118358, -0.0020906157798522285], "%tcp_protocol": [-0.07616509304833795, 0.011058126440815066, 0.05314445414549309, 0.003418449734672807, 0.0, -0.03944309908835401, 0.022460975408618734, 0.0, 0.0061364003093846015, 0.01121302447976523], "%udp_protocol": [-0.1547035270328082, 0.04203634990695323, -0.10541527768481362, 0.019747861680589982, 0.030889317627263754, -0.16109556079693088, 0.04399143667176293, 0.03736497615106076, 0.0227646938781826, 0.030706082217146644], "ul_data_volume": [-0.01729036330672885, -0.02574638929130392, 0.025633591699848697, 0.0, -0.010854483559254169, -0.014173204620043092, -0.02017859436838011, 0.0, -0.006883935507525071, -0.017032722922312005], "max_ul_volume": [0.016538669030139237, -0.017694534287806526, -0.09007704802573827, 0.002971981680758831, -0.0010156332892872072, 0.0095378937793054, -0.010043817640279014, -0.009282085618928272, -0.0038295934985101143, -0.005572305079146078], "min_ul_volume": [-0.060122273565799036, 0.011066175154780353, -0.03720711527295764, 0.005138174881134978, 0.0, 0.0038781242087811236, 0.01708730609115454, 0.012452258886595333, 0.00747519160583783, 0.005311214510113196], "avg_ul_volume": [0.2539984976234237, -0.04682285901889219, -0.023968910156188978, -0.01935889659765531, -0.027258747539099536, 0.007359466699391602, -0.03255156088536241, -0.030548261606162152, -0.020790078565972148, -0.02843741993544551], "std_ul_volume": [0.10625190709244711, -0.023622461987733864, -0.00994556362190964, -0.00579007020830945, -0.013741352312585595, -0.0068439757882597825, -0.01015713352155646, -0.016444951942950807, -0.009129987944344956, -0.010629854387561484], "%ul_volume": [-0.029836132358210952, 0.017916531857395758, 0.003576768098249611, 0.017282413978814245, 0.01614955312668398, -0.0043655383335205345, 0.03674730093821073, 0.022183659444677373, 0.01912037975579678, 0.03225295600655327], "dl_data_volume": [0.008323867980885, -0.012585269019174637, 0.01782362120383548, 0.04222936354798446, 0.0, -0.005751900856749901, -0.0037490877101423754, 0.004402196294028542, -0.0005470270934050392, -0.0015337391684898255], "max_dl_volume": [-0.0014659677866617617, -0.03086836863936203, -0.008356216917374176, 0.019569618754652598, 0.020574715660220663, -0.006806066430265132, -0.015226839755368106, -0.01950875340758711, 0.018848952978629388, 0.05712584367485751], "min_dl_volume": [-0.0033614239205575465, -0.001019804427065632, -0.006593731479344979, 0.05070019016610696, 0.0, 0.003588843961878708, 0.0, 0.0, 0.0758740657694229, 0.0009809958749683462], "avg_dl_volume": [0.004488650521807781, 0.006503777694695997, 0.00829366138136868, -0.0320647934225699, -0.05762750331558102, 0.02734831889051561, 0.007053833742075212, 0.010100113435262459, 0.002913646971037784, 0.00030397274184787437], "std_dl_volume": [-0.028688042731097384, -0.025557118584534085, -0.02381465168376224, 0.011118383466111964, 0.02599653776198832, -0.018585823443823646, -0.008618022906869909, -0.0018446352130466193, 0.008142223469239582, 0.024282543115993288], "%dl_volume": [-0.005113270775129819, 0.04509284259410967, 0.009467890802681372, 0.027857839548806773, 0.03012115982207758, 0.002733235986721195, 0.05339843865692611, 0.048091088560487716, 0.037202168396203106, 0.061815042765268516], "nb_uplink_packet": [0.024113703104478336, -0.019674853352453114, -0.018533455689835485, -0.008043466629924834, 0.0049439773831979755, 0.01722953916858635, -0.006006948137999128, 0.0, -0.0029108556049568246, -0.0008167276399349971], "nb_downlink_packet": [-0.009436743203393041, -0.016594223766611405, 0.13922645987773255, 0.009893324717994634, 0.0009287465145620399, -0.0018716341626799724, -0.008230640527167007, 0.009679519835820168, 0.002228726617478499, -0.005663410785884712], "ul_packet": [0.017920907423936625, 0.00578144471334037, 0.08604751168957163, 0.022401908975826383, 0.05235150164202518, 0.10407080419509489, 0.00688725564407487, 0.025397019924834376, 0.020428116463515972, 0.0010105870568128533], "dl_packet": [0.0, -0.006321293385818369, 0.045973556938810584, 0.01654778817432382, 0.035249925641627516, 0.0807351481024915, 0.0, 0.016156685746749645, 0.017096048263028338, -0.0003665641560596719], "kB/s": [-0.022332113114111256, -0.021078007820982306, 0.04015146682491046, 0.023367988450216842, 0.06964684882819766, -0.024201244977393177, -0.011827335956087284, 0.007221724495107912, -0.0010171497128642626, -0.005966591374308494], "nb_packet/s": [0.03331509304691168, -0.09567028671061938, -0.020752269480912966, -0.0030104236632611248, -0.0025063071332811493, 0.010339085422833558, 0.05967584619205148, -0.12043497204153206, 0.01053794699502858, 0.03949890828239544]}, "Interactive": {"session_time": [-0.005225262260330939, -0.007080705506135402, 0.005597719306435923, 0.0032685044381768683, -0.0037348603953155798, 0.029994474645797208, -0.011663898475374603, -0.0074743581644379975, 0.002309784731702444, -0.009697687877928667], "%tcp_protocol": [0.046577415321654464, -0.013904566024329256, -0.0013364619980124233, -0.0059876563225770355, -0.011466676191218677, 0.0387683677689807, -0.016853361986753582, -0.011883078785204724, -0.009678975250783088, -0.01610036178467517], "%udp_protocol": [0.009404815462853353, 0.002567186033777004, -0.0265724675856654, 0.0023268884307887025, -0.001989260977747735, -0.006777865272512724, -0.001688163158239238, 0.001732793210303258, -0.0015766349967467341, -0.0032245779485216217], "ul_data_volume": [0.0015556700405441153, 0.003812965733504827, -0.0035370502009276893, -0.0006597980614585705, 0.005093846589540525, 0.0036833823340235317, 0.0002124003306917567, 0.0008514801698657619, -0.0006314875691715363, 0.0019666022602576466], "max_ul_volume": [-0.02076417801029518, 0.0023270901994203817, -0.03837961773833067, 0.007138527677351, 0.012098474431167882, 0.013533687355510622, -0.0026997991601376767, -0.0020924396518764224, 0.003883631726670979, -0.0038680878743999163], "min_ul_volume": [-0.04808775223622977, 0.017306010986684474, 0.009695594097870444, 0.004867978536194993, 0.006917634939580674, 0.016109022698218334, 0.01081802160036713, 0.009186339830432122, 0.0068577371384901595, 0.010985141536954847], "avg_ul_volume": [0.056177863360426156, -0.0014356725351532475, 0.0, -0.01788337686273285, -0.010376898361777168, 0.050882729779502395, -0.006412646963305243, -0.027171957703883722, -0.01634130869763358, -0.011520164747793904], "std_ul_volume": [-0.004999950698418947, 0.01952530608969747, 0.008997410315715939, -0.01170860945244108, -0.004668816230805941, 0.006675944277986815, 0.01159852939813296, -0.011158143166404925, -0.00230866783867089, 0.00616310186354636], "%ul_volume": [0.0017020988313452556, -0.014230916489546892, -0.007919012765614119, -0.01859573213524575, -0.025825586888565694, 0.001962872192908205, -0.019400167463823434, -0.01980439742243652, -0.017530902705190525, -0.0267480590681207], "dl_data_volume": [-0.003849237420887528, 0.0118084218121407, -0.0030315407565855343, -0.009357082511100824, 0.010893510503836731, 0.0, 0.0036416211549420508, -0.0037946083008492584, 0.00039516500098910057, 0.00025355226420265], "max_dl_volume": [-0.005851887462149848, 0.009179975829041634, 0.005491851245156761, -0.006600386241790178, 0.003121633106540316, 0.010787672164504302, 0.004621981481811987, 0.004994093795441421, -0.00275923423576295, -0.0016499496680094615], "min_dl_volume": [0.001151508652409771, 0.0, 0.00254117153522677, -0.06562175307183891, -0.00039108661094512534, 0.0, -0.0006400204513336508, 0.0, -0.03335392298772384, -0.0002498204258037755], "avg_dl_volume": [-0.00683126806401616, 0.008508965961260592, -0.003925659520277094, 0.03393344105512597, 0.037428657739785404, -0.011773975380389283, 0.0013665007275938112, 0.004653344933622442, 0.002292630471773381, 0.0017534559599256018],